Shipment_ID,Vendor_Name,Origin_City,Destination_City,GRPO_Qty,AP_Qty,Freight_Charges,Taxes,Shipment_Date,Delivery_Date
1000,FedEx,Chennai,Delhi,124,103,985,108,2024-01-01,2024-01-07
1001,Ekart,Chennai,Bangalore,194,47,4966,223,2024-01-02,2024-01-04
1002,DHL Logistics,Chennai,Mumbai,136,182,2582,295,2024-01-03,2024-01-05
1003,BlueDart,Chennai,Bangalore,151,198,2526,132,2024-01-04,2024-01-10
1004,FedEx,Delhi,Chennai,21,153,2976,102,2024-01-05,2024-01-11
1005,DHL Logistics,Bangalore,Bangalore,190,102,3102,428,2024-01-06,2024-01-08
1006,DHL Logistics,Chennai,Bangalore,119,51,2198,447,2024-01-07,2024-01-13
1007,BlueDart,Mumbai,Delhi,76,73,4674,443,2024-01-08,2024-01-13
1008,Ekart,Chennai,Delhi,159,17,4447,292,2024-01-09,2024-01-15
1009,Ekart,Bangalore,Mumbai,91,140,2976,155,2024-01-10,2024-01-13
1010,BlueDart,Chennai,Hyderabad,132,184,3127,203,2024-01-11,2024-01-17
1011,Delhivery,Bangalore,Chennai,104,85,1694,97,2024-01-12,2024-01-13
1012,Ekart,Bangalore,Chennai,136,190,2954,498,2024-01-13,2024-01-15
1013,Delhivery,Delhi,Mumbai,172,76,4253,217,2024-01-14,2024-01-16
1014,Ekart,Hyderabad,Bangalore,199,163,1720,455,2024-01-15,2024-01-19
1015,FedEx,Delhi,Chennai,95,175,3680,351,2024-01-16,2024-01-19
1016,Ekart,Mumbai,Bangalore,70,141,3437,350,2024-01-17,2024-01-21
1017,Delhivery,Chennai,Hyderabad,108,35,1693,394,2024-01-18,2024-01-22
1018,Ekart,Delhi,Hyderabad,101,129,4763,133,2024-01-19,2024-01-25
1019,Delhivery,Delhi,Chennai,146,94,2244,374,2024-01-20,2024-01-25
1020,Ekart,Delhi,Bangalore,165,128,1335,376,2024-01-21,2024-01-24
1021,BlueDart,Mumbai,Mumbai,163,138,3057,213,2024-01-22,2024-01-28
1022,BlueDart,Bangalore,Chennai,174,62,3085,340,2024-01-23,2024-01-24
1023,DHL Logistics,Hyderabad,Delhi,152,91,4287,74,2024-01-24,2024-01-29
1024,BlueDart,Hyderabad,Hyderabad,141,184,2535,111,2024-01-25,2024-01-31
1025,BlueDart,Bangalore,Chennai,102,155,573,164,2024-01-26,2024-02-01
1026,BlueDart,Delhi,Delhi,94,64,514,198,2024-01-27,2024-01-28
1027,BlueDart,Mumbai,Bangalore,53,137,4725,122,2024-01-28,2024-01-30
1028,DHL Logistics,Delhi,Bangalore,18,173,4794,492,2024-01-29,2024-02-03
1029,Ekart,Delhi,Mumbai,193,88,2267,105,2024-01-30,2024-02-04
1030,BlueDart,Bangalore,Mumbai,155,70,1415,65,2024-01-31,2024-02-03
1031,DHL Logistics,Hyderabad,Hyderabad,120,188,2917,347,2024-02-01,2024-02-02
1032,DHL Logistics,Chennai,Chennai,70,110,4718,241,2024-02-02,2024-02-06
1033,FedEx,Delhi,Bangalore,126,184,1109,417,2024-02-03,2024-02-06
1034,Delhivery,Bangalore,Mumbai,170,124,3299,205,2024-02-04,2024-02-06
1035,BlueDart,Mumbai,Mumbai,108,116,1366,402,2024-02-05,2024-02-10
1036,DHL Logistics,Chennai,Delhi,93,161,1849,388,2024-02-06,2024-02-11
1037,FedEx,Chennai,Chennai,165,10,2967,139,2024-02-07,2024-02-08
1038,BlueDart,Mumbai,Mumbai,190,42,3610,121,2024-02-08,2024-02-11
1039,BlueDart,Hyderabad,Chennai,60,150,2085,379,2024-02-09,2024-02-10
1040,FedEx,Hyderabad,Chennai,90,114,3269,146,2024-02-10,2024-02-13
1041,Ekart,Hyderabad,Mumbai,134,100,1710,238,2024-02-11,2024-02-16
1042,DHL Logistics,Delhi,Chennai,120,85,4618,257,2024-02-12,2024-02-15
1043,BlueDart,Mumbai,Chennai,36,111,2145,456,2024-02-13,2024-02-16
1044,FedEx,Delhi,Delhi,47,124,1173,296,2024-02-14,2024-02-16
1045,Ekart,Mumbai,Bangalore,162,35,4492,468,2024-02-15,2024-02-17
1046,Delhivery,Bangalore,Hyderabad,129,193,3915,489,2024-02-16,2024-02-18
1047,Ekart,Bangalore,Mumbai,194,79,2139,171,2024-02-17,2024-02-18
1048,DHL Logistics,Hyderabad,Delhi,178,15,4759,185,2024-02-18,2024-02-24
1049,FedEx,Bangalore,Mumbai,190,24,4531,215,2024-02-19,2024-02-25
1050,BlueDart,Hyderabad,Bangalore,176,12,2812,434,2024-02-20,2024-02-26
1051,Delhivery,Delhi,Delhi,157,101,1181,125,2024-02-21,2024-02-24
1052,DHL Logistics,Bangalore,Chennai,54,74,3294,432,2024-02-22,2024-02-26
1053,Ekart,Hyderabad,Chennai,158,97,3714,123,2024-02-23,2024-02-25
1054,BlueDart,Hyderabad,Chennai,73,196,988,113,2024-02-24,2024-02-29
1055,Delhivery,Mumbai,Mumbai,159,34,4478,363,2024-02-25,2024-03-01
1056,Delhivery,Mumbai,Delhi,75,125,1170,370,2024-02-26,2024-02-28
1057,BlueDart,Mumbai,Bangalore,127,183,4181,89,2024-02-27,2024-02-29
1058,DHL Logistics,Mumbai,Bangalore,156,24,1121,165,2024-02-28,2024-03-04
1059,BlueDart,Hyderabad,Chennai,78,87,795,64,2024-02-29,2024-03-03
1060,FedEx,Chennai,Bangalore,154,42,952,328,2024-03-01,2024-03-05
1061,Ekart,Hyderabad,Chennai,135,101,1135,204,2024-03-02,2024-03-08
1062,FedEx,Mumbai,Delhi,88,115,3292,417,2024-03-03,2024-03-09
1063,BlueDart,Mumbai,Bangalore,69,176,2629,65,2024-03-04,2024-03-09
1064,FedEx,Mumbai,Bangalore,194,158,4916,131,2024-03-05,2024-03-11
1065,DHL Logistics,Bangalore,Delhi,54,162,2395,176,2024-03-06,2024-03-10
1066,DHL Logistics,Hyderabad,Hyderabad,173,165,4933,303,2024-03-07,2024-03-11
1067,Delhivery,Chennai,Bangalore,49,175,2117,204,2024-03-08,2024-03-13
1068,Delhivery,Bangalore,Delhi,71,111,4626,483,2024-03-09,2024-03-14
1069,BlueDart,Chennai,Bangalore,42,26,1876,138,2024-03-10,2024-03-13
1070,FedEx,Chennai,Chennai,77,64,3275,210,2024-03-11,2024-03-15
1071,Ekart,Bangalore,Chennai,63,62,3949,157,2024-03-12,2024-03-18
1072,Delhivery,Chennai,Delhi,85,15,1627,203,2024-03-13,2024-03-14
1073,DHL Logistics,Delhi,Bangalore,146,120,1396,404,2024-03-14,2024-03-19
1074,DHL Logistics,Bangalore,Hyderabad,44,76,1177,358,2024-03-15,2024-03-16
1075,BlueDart,Delhi,Delhi,43,119,3766,110,2024-03-16,2024-03-22
1076,BlueDart,Mumbai,Delhi,35,188,670,383,2024-03-17,2024-03-21
1077,FedEx,Delhi,Bangalore,77,122,2097,55,2024-03-18,2024-03-23
1078,DHL Logistics,Delhi,Mumbai,11,12,1286,305,2024-03-19,2024-03-25
1079,DHL Logistics,Chennai,Bangalore,146,99,4980,167,2024-03-20,2024-03-24
1080,Ekart,Hyderabad,Hyderabad,99,42,1979,352,2024-03-21,2024-03-22
1081,Delhivery,Delhi,Bangalore,37,145,4564,279,2024-03-22,2024-03-26
1082,Ekart,Delhi,Delhi,131,95,741,370,2024-03-23,2024-03-24
1083,FedEx,Delhi,Chennai,167,174,3369,293,2024-03-24,2024-03-28
1084,FedEx,Delhi,Hyderabad,87,76,875,316,2024-03-25,2024-03-26
1085,DHL Logistics,Mumbai,Delhi,20,83,4892,275,2024-03-26,2024-03-31
1086,FedEx,Delhi,Bangalore,199,21,3545,307,2024-03-27,2024-03-30
1087,Ekart,Mumbai,Mumbai,154,173,2316,106,2024-03-28,2024-04-02
1088,FedEx,Chennai,Delhi,89,180,3740,172,2024-03-29,2024-04-01
1089,Ekart,Chennai,Mumbai,86,177,803,141,2024-03-30,2024-04-04
1090,Ekart,Hyderabad,Hyderabad,138,62,3828,362,2024-03-31,2024-04-01
1091,Ekart,Delhi,Delhi,168,125,3047,433,2024-04-01,2024-04-07
1092,BlueDart,Mumbai,Chennai,13,158,2371,327,2024-04-02,2024-04-03
1093,DHL Logistics,Delhi,Mumbai,48,145,2984,215,2024-04-03,2024-04-06
1094,Ekart,Chennai,Hyderabad,132,190,841,380,2024-04-04,2024-04-07
1095,Delhivery,Bangalore,Bangalore,77,195,4943,270,2024-04-05,2024-04-08
1096,DHL Logistics,Mumbai,Hyderabad,168,99,2367,320,2024-04-06,2024-04-12
1097,Delhivery,Mumbai,Mumbai,31,154,1349,192,2024-04-07,2024-04-13
1098,Ekart,Delhi,Delhi,36,166,1820,483,2024-04-08,2024-04-14
1099,BlueDart,Delhi,Mumbai,105,183,1952,223,2024-04-09,2024-04-12
1100,BlueDart,Mumbai,Bangalore,20,92,1076,136,2024-04-10,2024-04-11
1101,DHL Logistics,Mumbai,Chennai,79,134,3819,464,2024-04-11,2024-04-13
1102,Delhivery,Chennai,Bangalore,171,77,3406,389,2024-04-12,2024-04-15
1103,Ekart,Chennai,Delhi,46,199,1925,127,2024-04-13,2024-04-15
1104,Ekart,Chennai,Chennai,147,115,1388,249,2024-04-14,2024-04-18
1105,DHL Logistics,Hyderabad,Chennai,126,93,2027,155,2024-04-15,2024-04-21
1106,Ekart,Bangalore,Hyderabad,138,176,1049,492,2024-04-16,2024-04-20
1107,BlueDart,Chennai,Mumbai,65,73,4028,240,2024-04-17,2024-04-18
1108,Ekart,Delhi,Delhi,119,82,1479,92,2024-04-18,2024-04-23
1109,BlueDart,Bangalore,Chennai,79,22,2501,196,2024-04-19,2024-04-23
1110,DHL Logistics,Bangalore,Mumbai,20,115,1298,364,2024-04-20,2024-04-25
1111,Delhivery,Delhi,Mumbai,13,172,1981,173,2024-04-21,2024-04-27
1112,FedEx,Bangalore,Mumbai,49,34,2254,125,2024-04-22,2024-04-26
1113,BlueDart,Bangalore,Delhi,47,172,3616,318,2024-04-23,2024-04-24
1114,Delhivery,Mumbai,Bangalore,154,32,4050,78,2024-04-24,2024-04-27
1115,Ekart,Delhi,Mumbai,35,178,3247,407,2024-04-25,2024-04-27
1116,Ekart,Mumbai,Hyderabad,133,97,3150,223,2024-04-26,2024-05-01
1117,Delhivery,Hyderabad,Chennai,56,87,873,355,2024-04-27,2024-04-28
1118,Delhivery,Chennai,Hyderabad,145,176,3589,170,2024-04-28,2024-04-29
1119,DHL Logistics,Mumbai,Mumbai,181,31,4314,400,2024-04-29,2024-05-02
1120,BlueDart,Hyderabad,Bangalore,138,153,3620,328,2024-04-30,2024-05-03
1121,Delhivery,Delhi,Chennai,194,193,704,126,2024-05-01,2024-05-06
1122,Delhivery,Delhi,Mumbai,152,21,1767,234,2024-05-02,2024-05-06
1123,DHL Logistics,Delhi,Chennai,65,174,4759,472,2024-05-03,2024-05-09
1124,BlueDart,Bangalore,Bangalore,65,195,1696,136,2024-05-04,2024-05-10
1125,Delhivery,Delhi,Hyderabad,190,37,2262,445,2024-05-05,2024-05-11
1126,Ekart,Hyderabad,Mumbai,63,139,1129,197,2024-05-06,2024-05-09
1127,DHL Logistics,Mumbai,Chennai,198,150,879,176,2024-05-07,2024-05-08
1128,BlueDart,Hyderabad,Delhi,10,139,2714,304,2024-05-08,2024-05-13
1129,Delhivery,Delhi,Bangalore,152,146,4742,266,2024-05-09,2024-05-15
1130,BlueDart,Bangalore,Hyderabad,70,112,3945,484,2024-05-10,2024-05-14
1131,Ekart,Chennai,Delhi,76,153,1316,269,2024-05-11,2024-05-15
1132,Delhivery,Bangalore,Bangalore,109,95,1911,420,2024-05-12,2024-05-16
1133,DHL Logistics,Mumbai,Chennai,105,133,3495,218,2024-05-13,2024-05-18
1134,DHL Logistics,Chennai,Mumbai,49,94,4713,493,2024-05-14,2024-05-16
1135,BlueDart,Mumbai,Chennai,81,165,4184,157,2024-05-15,2024-05-18
1136,DHL Logistics,Mumbai,Delhi,17,145,999,304,2024-05-16,2024-05-17
1137,BlueDart,Bangalore,Bangalore,154,24,2980,168,2024-05-17,2024-05-19
1138,FedEx,Delhi,Delhi,199,85,2308,52,2024-05-18,2024-05-22
1139,BlueDart,Hyderabad,Hyderabad,79,22,3593,58,2024-05-19,2024-05-20
1140,BlueDart,Hyderabad,Hyderabad,188,71,2660,253,2024-05-20,2024-05-22
1141,Ekart,Bangalore,Chennai,68,115,2069,249,2024-05-21,2024-05-27
1142,Ekart,Bangalore,Hyderabad,125,30,2107,79,2024-05-22,2024-05-26
1143,FedEx,Hyderabad,Bangalore,152,175,4186,273,2024-05-23,2024-05-29
1144,DHL Logistics,Delhi,Bangalore,114,72,4591,444,2024-05-24,2024-05-25
1145,FedEx,Delhi,Bangalore,87,171,4456,378,2024-05-25,2024-05-31
1146,DHL Logistics,Chennai,Delhi,150,67,2136,241,2024-05-26,2024-05-29
1147,FedEx,Hyderabad,Mumbai,21,15,2821,319,2024-05-27,2024-06-01
1148,BlueDart,Hyderabad,Mumbai,89,136,2769,341,2024-05-28,2024-05-30
1149,Delhivery,Chennai,Bangalore,120,137,2754,111,2024-05-29,2024-06-03
1150,Ekart,Mumbai,Mumbai,172,10,4823,205,2024-05-30,2024-06-04
1151,DHL Logistics,Delhi,Delhi,16,12,3602,183,2024-05-31,2024-06-02
1152,DHL Logistics,Chennai,Mumbai,116,142,2132,98,2024-06-01,2024-06-07
1153,FedEx,Mumbai,Chennai,117,74,2824,214,2024-06-02,2024-06-04
1154,BlueDart,Bangalore,Chennai,182,195,890,260,2024-06-03,2024-06-09
1155,BlueDart,Chennai,Bangalore,82,45,618,117,2024-06-04,2024-06-08
1156,DHL Logistics,Chennai,Bangalore,150,168,4631,440,2024-06-05,2024-06-08
1157,DHL Logistics,Mumbai,Delhi,120,142,4504,344,2024-06-06,2024-06-12
1158,Ekart,Delhi,Bangalore,184,134,3133,68,2024-06-07,2024-06-12
1159,Delhivery,Hyderabad,Chennai,92,85,1083,121,2024-06-08,2024-06-13
1160,FedEx,Delhi,Bangalore,17,90,983,231,2024-06-09,2024-06-15
1161,Ekart,Mumbai,Bangalore,167,24,1207,321,2024-06-10,2024-06-14
1162,Delhivery,Mumbai,Chennai,198,12,4389,414,2024-06-11,2024-06-17
1163,DHL Logistics,Chennai,Hyderabad,92,190,2609,102,2024-06-12,2024-06-18
1164,FedEx,Hyderabad,Chennai,83,64,4039,224,2024-06-13,2024-06-16
1165,FedEx,Hyderabad,Hyderabad,56,153,4041,275,2024-06-14,2024-06-19
1166,BlueDart,Bangalore,Hyderabad,107,129,1417,420,2024-06-15,2024-06-19
1167,Delhivery,Bangalore,Hyderabad,185,138,2587,103,2024-06-16,2024-06-18
1168,Ekart,Bangalore,Bangalore,129,69,3693,53,2024-06-17,2024-06-21
1169,FedEx,Bangalore,Bangalore,98,11,1328,202,2024-06-18,2024-06-23
1170,DHL Logistics,Chennai,Delhi,55,77,3446,221,2024-06-19,2024-06-22
1171,DHL Logistics,Hyderabad,Mumbai,174,121,668,459,2024-06-20,2024-06-22
1172,Ekart,Mumbai,Hyderabad,136,134,4058,204,2024-06-21,2024-06-22
1173,Delhivery,Chennai,Chennai,177,91,1390,426,2024-06-22,2024-06-26
1174,Ekart,Mumbai,Hyderabad,47,179,2625,51,2024-06-23,2024-06-29
1175,Delhivery,Mumbai,Bangalore,144,93,1823,304,2024-06-24,2024-06-30
1176,DHL Logistics,Hyderabad,Bangalore,53,54,1090,312,2024-06-25,2024-06-28
1177,FedEx,Mumbai,Mumbai,196,123,1993,324,2024-06-26,2024-06-28
1178,DHL Logistics,Chennai,Hyderabad,128,144,2797,84,2024-06-27,2024-06-29
1179,DHL Logistics,Delhi,Hyderabad,11,194,4518,81,2024-06-28,2024-06-29
1180,Ekart,Hyderabad,Hyderabad,93,59,4505,386,2024-06-29,2024-06-30
1181,Delhivery,Delhi,Mumbai,167,57,1649,404,2024-06-30,2024-07-02
1182,BlueDart,Hyderabad,Chennai,132,82,2177,477,2024-07-01,2024-07-06
1183,DHL Logistics,Mumbai,Chennai,58,69,4040,101,2024-07-02,2024-07-03
1184,Ekart,Bangalore,Delhi,193,103,4447,86,2024-07-03,2024-07-07
1185,FedEx,Delhi,Mumbai,55,92,4173,177,2024-07-04,2024-07-10
1186,DHL Logistics,Bangalore,Hyderabad,18,90,3855,388,2024-07-05,2024-07-07
1187,BlueDart,Hyderabad,Hyderabad,44,102,1188,304,2024-07-06,2024-07-08
1188,Delhivery,Hyderabad,Delhi,39,176,2691,186,2024-07-07,2024-07-08
1189,Ekart,Mumbai,Delhi,10,148,2147,52,2024-07-08,2024-07-14
1190,Ekart,Delhi,Chennai,29,97,3410,325,2024-07-09,2024-07-13
1191,FedEx,Mumbai,Bangalore,14,75,3887,368,2024-07-10,2024-07-16
1192,FedEx,Hyderabad,Hyderabad,81,119,2167,272,2024-07-11,2024-07-17
1193,FedEx,Mumbai,Bangalore,139,105,2996,125,2024-07-12,2024-07-16
1194,FedEx,Chennai,Delhi,146,197,1965,331,2024-07-13,2024-07-14
1195,Delhivery,Delhi,Chennai,164,83,1908,469,2024-07-14,2024-07-18
1196,FedEx,Bangalore,Chennai,50,105,2776,257,2024-07-15,2024-07-16
1197,FedEx,Mumbai,Mumbai,99,44,4570,422,2024-07-16,2024-07-20
1198,Ekart,Mumbai,Bangalore,42,60,3866,240,2024-07-17,2024-07-23
1199,FedEx,Mumbai,Delhi,80,61,4357,427,2024-07-18,2024-07-23
1200,Delhivery,Bangalore,Bangalore,106,189,3713,410,2024-07-19,2024-07-25
1201,Ekart,Hyderabad,Hyderabad,17,162,4073,254,2024-07-20,2024-07-24
1202,Ekart,Delhi,Mumbai,48,193,765,380,2024-07-21,2024-07-23
1203,DHL Logistics,Bangalore,Bangalore,167,78,4293,97,2024-07-22,2024-07-27
1204,FedEx,Delhi,Hyderabad,13,47,2599,128,2024-07-23,2024-07-25
1205,FedEx,Hyderabad,Delhi,188,67,3769,81,2024-07-24,2024-07-26
1206,DHL Logistics,Bangalore,Hyderabad,101,97,3171,301,2024-07-25,2024-07-27
1207,FedEx,Chennai,Bangalore,154,54,1681,83,2024-07-26,2024-07-29
1208,BlueDart,Bangalore,Hyderabad,187,195,3506,221,2024-07-27,2024-08-01
1209,DHL Logistics,Delhi,Mumbai,131,135,3464,304,2024-07-28,2024-08-03
1210,Delhivery,Hyderabad,Chennai,117,179,2158,59,2024-07-29,2024-07-31
1211,Delhivery,Bangalore,Mumbai,120,170,4018,177,2024-07-30,2024-07-31
1212,Delhivery,Chennai,Hyderabad,52,37,4010,289,2024-07-31,2024-08-04
1213,DHL Logistics,Mumbai,Delhi,80,65,510,234,2024-08-01,2024-08-05
1214,Delhivery,Delhi,Bangalore,18,73,2147,264,2024-08-02,2024-08-08
1215,BlueDart,Delhi,Bangalore,169,66,1642,96,2024-08-03,2024-08-05
1216,Ekart,Bangalore,Chennai,35,164,2195,300,2024-08-04,2024-08-06
1217,DHL Logistics,Bangalore,Hyderabad,172,63,2724,215,2024-08-05,2024-08-10
1218,Ekart,Bangalore,Delhi,128,160,3966,342,2024-08-06,2024-08-10
1219,Ekart,Delhi,Hyderabad,192,176,4124,188,2024-08-07,2024-08-10
1220,BlueDart,Chennai,Hyderabad,118,158,2009,153,2024-08-08,2024-08-12
1221,FedEx,Mumbai,Hyderabad,80,196,653,100,2024-08-09,2024-08-15
1222,BlueDart,Mumbai,Hyderabad,15,53,1084,383,2024-08-10,2024-08-14
1223,Ekart,Mumbai,Bangalore,126,115,1775,453,2024-08-11,2024-08-13
1224,BlueDart,Chennai,Chennai,111,29,3978,223,2024-08-12,2024-08-15
1225,Delhivery,Bangalore,Bangalore,104,120,1701,468,2024-08-13,2024-08-14
1226,BlueDart,Mumbai,Hyderabad,34,183,3148,85,2024-08-14,2024-08-20
1227,DHL Logistics,Mumbai,Hyderabad,184,85,631,57,2024-08-15,2024-08-17
1228,DHL Logistics,Bangalore,Chennai,30,47,2316,292,2024-08-16,2024-08-22
1229,Delhivery,Bangalore,Delhi,32,172,1973,179,2024-08-17,2024-08-23
1230,Ekart,Hyderabad,Bangalore,138,137,1021,280,2024-08-18,2024-08-24
1231,BlueDart,Chennai,Chennai,32,68,4683,53,2024-08-19,2024-08-22
1232,DHL Logistics,Mumbai,Mumbai,165,139,988,352,2024-08-20,2024-08-22
1233,DHL Logistics,Hyderabad,Delhi,35,50,2740,239,2024-08-21,2024-08-26
1234,FedEx,Chennai,Mumbai,122,175,3659,184,2024-08-22,2024-08-28
1235,BlueDart,Chennai,Chennai,74,196,1900,437,2024-08-23,2024-08-29
1236,DHL Logistics,Delhi,Delhi,55,145,4170,442,2024-08-24,2024-08-26
1237,Ekart,Bangalore,Hyderabad,48,34,3558,86,2024-08-25,2024-08-30
1238,FedEx,Mumbai,Chennai,195,162,3934,134,2024-08-26,2024-09-01
1239,Delhivery,Hyderabad,Hyderabad,62,129,4638,354,2024-08-27,2024-08-30
1240,FedEx,Mumbai,Chennai,62,179,4062,430,2024-08-28,2024-08-29
1241,Ekart,Hyderabad,Delhi,42,104,1206,284,2024-08-29,2024-09-01
1242,Ekart,Mumbai,Delhi,143,37,3807,131,2024-08-30,2024-09-04
1243,FedEx,Chennai,Delhi,171,170,4184,448,2024-08-31,2024-09-01
1244,DHL Logistics,Chennai,Hyderabad,191,152,4048,193,2024-09-01,2024-09-02
1245,DHL Logistics,Bangalore,Delhi,63,163,2170,277,2024-09-02,2024-09-06
1246,DHL Logistics,Delhi,Delhi,191,151,3130,482,2024-09-03,2024-09-04
1247,Ekart,Hyderabad,Chennai,150,88,2678,477,2024-09-04,2024-09-07
1248,BlueDart,Delhi,Chennai,90,174,3968,221,2024-09-05,2024-09-10
1249,Ekart,Hyderabad,Bangalore,128,34,846,107,2024-09-06,2024-09-08
1250,BlueDart,Mumbai,Mumbai,106,141,3700,285,2024-09-07,2024-09-11
1251,Delhivery,Chennai,Bangalore,43,66,1942,175,2024-09-08,2024-09-11
1252,Delhivery,Delhi,Hyderabad,61,41,3008,300,2024-09-09,2024-09-10
1253,Ekart,Bangalore,Bangalore,193,166,1532,433,2024-09-10,2024-09-11
1254,FedEx,Delhi,Hyderabad,128,86,651,245,2024-09-11,2024-09-17
1255,Ekart,Mumbai,Chennai,64,140,4017,288,2024-09-12,2024-09-17
1256,Ekart,Bangalore,Delhi,115,70,1774,96,2024-09-13,2024-09-19
1257,DHL Logistics,Bangalore,Chennai,22,69,3203,292,2024-09-14,2024-09-19
1258,FedEx,Bangalore,Chennai,95,82,4199,484,2024-09-15,2024-09-21
1259,Delhivery,Chennai,Chennai,20,178,1065,308,2024-09-16,2024-09-21
1260,Ekart,Mumbai,Mumbai,91,153,1770,306,2024-09-17,2024-09-19
1261,FedEx,Bangalore,Chennai,88,47,1265,131,2024-09-18,2024-09-20
1262,Ekart,Bangalore,Bangalore,94,145,4762,492,2024-09-19,2024-09-22
1263,Delhivery,Hyderabad,Delhi,39,176,2119,68,2024-09-20,2024-09-23
1264,FedEx,Mumbai,Chennai,22,185,3107,223,2024-09-21,2024-09-26
1265,DHL Logistics,Mumbai,Hyderabad,73,198,4655,243,2024-09-22,2024-09-24
1266,Delhivery,Delhi,Delhi,145,130,3455,162,2024-09-23,2024-09-29
1267,BlueDart,Mumbai,Delhi,80,110,1264,333,2024-09-24,2024-09-27
1268,FedEx,Delhi,Hyderabad,92,70,1247,274,2024-09-25,2024-09-29
1269,Delhivery,Mumbai,Mumbai,73,186,3095,133,2024-09-26,2024-10-02
1270,DHL Logistics,Bangalore,Hyderabad,74,92,745,492,2024-09-27,2024-09-30
1271,BlueDart,Mumbai,Bangalore,182,18,1280,426,2024-09-28,2024-09-29
1272,Ekart,Delhi,Hyderabad,79,95,2455,70,2024-09-29,2024-10-01
1273,BlueDart,Chennai,Hyderabad,126,49,4740,274,2024-09-30,2024-10-04
1274,FedEx,Delhi,Delhi,98,192,2301,93,2024-10-01,2024-10-07
1275,FedEx,Delhi,Hyderabad,135,23,4936,134,2024-10-02,2024-10-06
1276,BlueDart,Delhi,Chennai,172,71,997,61,2024-10-03,2024-10-06
1277,Delhivery,Bangalore,Delhi,24,178,3886,276,2024-10-04,2024-10-09
1278,DHL Logistics,Chennai,Delhi,197,83,2980,268,2024-10-05,2024-10-06
1279,Delhivery,Mumbai,Delhi,112,34,777,150,2024-10-06,2024-10-09
1280,Ekart,Chennai,Delhi,43,35,1827,352,2024-10-07,2024-10-10
1281,DHL Logistics,Chennai,Mumbai,34,43,2363,343,2024-10-08,2024-10-14
1282,Delhivery,Bangalore,Chennai,13,28,4903,138,2024-10-09,2024-10-12
1283,Ekart,Bangalore,Mumbai,51,88,887,474,2024-10-10,2024-10-16
1284,FedEx,Mumbai,Bangalore,168,136,4649,427,2024-10-11,2024-10-16
1285,Ekart,Chennai,Mumbai,113,56,1891,440,2024-10-12,2024-10-16
1286,FedEx,Chennai,Delhi,160,17,2883,222,2024-10-13,2024-10-17
1287,DHL Logistics,Bangalore,Chennai,191,87,4164,208,2024-10-14,2024-10-17
1288,Ekart,Bangalore,Mumbai,112,146,2374,364,2024-10-15,2024-10-19
1289,Delhivery,Chennai,Mumbai,115,48,3430,467,2024-10-16,2024-10-19
1290,Delhivery,Bangalore,Chennai,106,59,3346,115,2024-10-17,2024-10-21
1291,Ekart,Chennai,Mumbai,101,128,3174,455,2024-10-18,2024-10-20
1292,BlueDart,Chennai,Chennai,101,24,2780,267,2024-10-19,2024-10-25
1293,Delhivery,Chennai,Bangalore,92,27,1759,428,2024-10-20,2024-10-24
1294,BlueDart,Mumbai,Mumbai,128,55,541,160,2024-10-21,2024-10-26
1295,BlueDart,Chennai,Chennai,174,131,1964,107,2024-10-22,2024-10-26
1296,BlueDart,Hyderabad,Delhi,118,195,541,50,2024-10-23,2024-10-24
1297,DHL Logistics,Delhi,Chennai,16,118,3779,160,2024-10-24,2024-10-30
1298,Ekart,Mumbai,Chennai,125,129,1568,410,2024-10-25,2024-10-31
1299,Ekart,Delhi,Delhi,176,87,4562,373,2024-10-26,2024-10-28
1300,Delhivery,Hyderabad,Mumbai,169,164,4069,449,2024-10-27,2024-10-30
1301,Delhivery,Hyderabad,Delhi,72,41,4885,120,2024-10-28,2024-11-01
1302,FedEx,Mumbai,Mumbai,131,123,3946,309,2024-10-29,2024-11-04
1303,BlueDart,Hyderabad,Hyderabad,57,196,1039,353,2024-10-30,2024-11-01
1304,Ekart,Chennai,Chennai,44,137,4377,172,2024-10-31,2024-11-05
1305,DHL Logistics,Bangalore,Hyderabad,81,33,1657,92,2024-11-01,2024-11-05
1306,DHL Logistics,Chennai,Hyderabad,52,47,587,307,2024-11-02,2024-11-05
1307,FedEx,Bangalore,Bangalore,158,52,4384,417,2024-11-03,2024-11-06
1308,Delhivery,Delhi,Delhi,123,119,3164,353,2024-11-04,2024-11-08
1309,Ekart,Chennai,Delhi,100,99,3278,450,2024-11-05,2024-11-11
1310,BlueDart,Bangalore,Delhi,188,164,2673,118,2024-11-06,2024-11-10
1311,FedEx,Hyderabad,Chennai,32,56,745,296,2024-11-07,2024-11-10
1312,BlueDart,Delhi,Delhi,12,119,4512,455,2024-11-08,2024-11-14
1313,BlueDart,Mumbai,Bangalore,115,156,680,111,2024-11-09,2024-11-12
1314,Delhivery,Bangalore,Chennai,138,34,941,79,2024-11-10,2024-11-12
1315,Ekart,Hyderabad,Bangalore,102,177,2372,350,2024-11-11,2024-11-16
1316,DHL Logistics,Mumbai,Bangalore,113,49,3318,116,2024-11-12,2024-11-18
1317,FedEx,Hyderabad,Chennai,15,144,1902,468,2024-11-13,2024-11-19
1318,DHL Logistics,Bangalore,Mumbai,190,116,2109,171,2024-11-14,2024-11-18
1319,Ekart,Mumbai,Mumbai,19,78,4185,127,2024-11-15,2024-11-19
1320,Delhivery,Hyderabad,Mumbai,104,122,4819,301,2024-11-16,2024-11-20
1321,FedEx,Chennai,Hyderabad,107,49,2195,344,2024-11-17,2024-11-22
1322,BlueDart,Chennai,Mumbai,21,56,1819,188,2024-11-18,2024-11-20
1323,BlueDart,Mumbai,Hyderabad,108,31,514,174,2024-11-19,2024-11-21
1324,Ekart,Bangalore,Delhi,50,77,3494,172,2024-11-20,2024-11-21
1325,Ekart,Mumbai,Chennai,86,83,4116,327,2024-11-21,2024-11-24
1326,DHL Logistics,Mumbai,Delhi,97,34,2281,66,2024-11-22,2024-11-28
1327,Delhivery,Mumbai,Delhi,199,42,2948,128,2024-11-23,2024-11-24
1328,BlueDart,Bangalore,Delhi,114,22,1897,185,2024-11-24,2024-11-28
1329,FedEx,Delhi,Bangalore,140,96,656,231,2024-11-25,2024-11-30
1330,DHL Logistics,Hyderabad,Hyderabad,160,145,1008,487,2024-11-26,2024-11-28
1331,BlueDart,Hyderabad,Delhi,92,12,3987,245,2024-11-27,2024-12-02
1332,DHL Logistics,Chennai,Hyderabad,57,30,2559,383,2024-11-28,2024-11-29
1333,Delhivery,Chennai,Hyderabad,39,141,4057,446,2024-11-29,2024-11-30
1334,Delhivery,Bangalore,Hyderabad,132,95,4458,264,2024-11-30,2024-12-03
1335,Ekart,Delhi,Mumbai,105,104,684,430,2024-12-01,2024-12-05
1336,FedEx,Bangalore,Bangalore,90,173,1774,263,2024-12-02,2024-12-04
1337,Delhivery,Hyderabad,Delhi,129,27,3197,462,2024-12-03,2024-12-04
1338,Delhivery,Hyderabad,Bangalore,137,27,2740,191,2024-12-04,2024-12-08
1339,Delhivery,Mumbai,Chennai,123,193,4082,367,2024-12-05,2024-12-10
1340,DHL Logistics,Bangalore,Delhi,137,181,2830,440,2024-12-06,2024-12-08
1341,Delhivery,Bangalore,Bangalore,139,190,4086,290,2024-12-07,2024-12-11
1342,DHL Logistics,Chennai,Mumbai,85,105,4634,235,2024-12-08,2024-12-14
1343,Ekart,Mumbai,Chennai,11,35,914,420,2024-12-09,2024-12-11
1344,BlueDart,Hyderabad,Mumbai,190,113,1866,95,2024-12-10,2024-12-12
1345,DHL Logistics,Chennai,Bangalore,123,167,4393,239,2024-12-11,2024-12-14
1346,Delhivery,Chennai,Bangalore,74,189,2195,428,2024-12-12,2024-12-14
1347,FedEx,Hyderabad,Chennai,117,77,4754,357,2024-12-13,2024-12-15
1348,DHL Logistics,Mumbai,Mumbai,86,185,4120,440,2024-12-14,2024-12-16
1349,Ekart,Delhi,Bangalore,58,158,2924,491,2024-12-15,2024-12-16
1350,FedEx,Bangalore,Bangalore,46,137,905,90,2024-12-16,2024-12-17
1351,FedEx,Delhi,Hyderabad,59,18,800,57,2024-12-17,2024-12-20
1352,FedEx,Chennai,Bangalore,24,161,2358,164,2024-12-18,2024-12-20
1353,DHL Logistics,Bangalore,Mumbai,83,124,4639,54,2024-12-19,2024-12-23
1354,FedEx,Chennai,Mumbai,159,198,4708,278,2024-12-20,2024-12-24
1355,BlueDart,Mumbai,Mumbai,125,66,3299,277,2024-12-21,2024-12-22
1356,Delhivery,Chennai,Hyderabad,170,147,1286,441,2024-12-22,2024-12-24
1357,DHL Logistics,Bangalore,Delhi,81,56,3631,196,2024-12-23,2024-12-26
1358,BlueDart,Chennai,Hyderabad,138,198,3345,485,2024-12-24,2024-12-28
1359,Ekart,Delhi,Bangalore,184,75,4733,122,2024-12-25,2024-12-28
1360,Delhivery,Delhi,Chennai,34,130,3979,302,2024-12-26,2025-01-01
1361,FedEx,Hyderabad,Delhi,90,127,3714,436,2024-12-27,2024-12-29
1362,Ekart,Delhi,Delhi,175,31,4003,132,2024-12-28,2024-12-30
1363,Ekart,Bangalore,Bangalore,154,23,4045,480,2024-12-29,2024-12-31
1364,Delhivery,Bangalore,Mumbai,190,160,4763,155,2024-12-30,2025-01-03
1365,BlueDart,Delhi,Hyderabad,78,37,4581,324,2024-12-31,2025-01-02
1366,Delhivery,Chennai,Delhi,102,163,2837,136,2025-01-01,2025-01-05
1367,DHL Logistics,Bangalore,Delhi,112,129,2547,79,2025-01-02,2025-01-03
1368,FedEx,Chennai,Chennai,17,155,3420,469,2025-01-03,2025-01-07
1369,FedEx,Hyderabad,Chennai,198,170,3825,61,2025-01-04,2025-01-08
1370,Delhivery,Mumbai,Hyderabad,19,114,3380,230,2025-01-05,2025-01-06
1371,DHL Logistics,Chennai,Mumbai,172,24,3700,382,2025-01-06,2025-01-12
1372,DHL Logistics,Bangalore,Delhi,73,62,3685,471,2025-01-07,2025-01-08
1373,DHL Logistics,Hyderabad,Delhi,76,163,4060,256,2025-01-08,2025-01-13
1374,DHL Logistics,Mumbai,Delhi,78,198,1593,247,2025-01-09,2025-01-14
1375,Delhivery,Bangalore,Delhi,131,93,3750,458,2025-01-10,2025-01-11
1376,Ekart,Chennai,Bangalore,151,34,1955,247,2025-01-11,2025-01-16
1377,DHL Logistics,Mumbai,Delhi,109,67,1030,207,2025-01-12,2025-01-14
1378,Ekart,Bangalore,Hyderabad,138,150,4975,255,2025-01-13,2025-01-16
1379,BlueDart,Mumbai,Delhi,44,28,857,202,2025-01-14,2025-01-18
1380,Delhivery,Hyderabad,Mumbai,26,109,2143,476,2025-01-15,2025-01-16
1381,BlueDart,Chennai,Mumbai,175,36,3755,188,2025-01-16,2025-01-19
1382,Delhivery,Delhi,Delhi,27,35,2613,371,2025-01-17,2025-01-18
1383,Ekart,Bangalore,Hyderabad,176,10,989,135,2025-01-18,2025-01-19
1384,BlueDart,Bangalore,Delhi,137,160,3878,171,2025-01-19,2025-01-21
1385,FedEx,Chennai,Delhi,92,24,676,231,2025-01-20,2025-01-24
1386,BlueDart,Hyderabad,Mumbai,24,177,3690,279,2025-01-21,2025-01-25
1387,BlueDart,Chennai,Chennai,175,29,4344,70,2025-01-22,2025-01-26
1388,Delhivery,Hyderabad,Mumbai,138,147,3622,63,2025-01-23,2025-01-26
1389,Ekart,Mumbai,Bangalore,171,81,3756,76,2025-01-24,2025-01-30
1390,BlueDart,Bangalore,Chennai,187,191,1986,184,2025-01-25,2025-01-26
1391,DHL Logistics,Bangalore,Bangalore,109,76,1234,465,2025-01-26,2025-02-01
1392,Delhivery,Hyderabad,Mumbai,169,37,3227,168,2025-01-27,2025-02-02
1393,BlueDart,Chennai,Delhi,195,12,1582,261,2025-01-28,2025-02-01
1394,Delhivery,Delhi,Bangalore,196,135,1707,227,2025-01-29,2025-01-30
1395,DHL Logistics,Bangalore,Mumbai,134,29,4049,115,2025-01-30,2025-02-01
1396,DHL Logistics,Bangalore,Mumbai,86,152,723,293,2025-01-31,2025-02-03
1397,FedEx,Chennai,Hyderabad,38,23,1213,360,2025-02-01,2025-02-04
1398,Ekart,Chennai,Mumbai,63,107,939,178,2025-02-02,2025-02-08
1399,BlueDart,Hyderabad,Bangalore,196,135,4052,484,2025-02-03,2025-02-09
1400,DHL Logistics,Bangalore,Hyderabad,169,92,4901,387,2025-02-04,2025-02-05
1401,Ekart,Bangalore,Chennai,23,160,3883,471,2025-02-05,2025-02-11
1402,DHL Logistics,Hyderabad,Hyderabad,48,71,1274,126,2025-02-06,2025-02-09
1403,FedEx,Bangalore,Delhi,101,149,4701,198,2025-02-07,2025-02-13
1404,Delhivery,Hyderabad,Hyderabad,97,166,2513,232,2025-02-08,2025-02-09
1405,Ekart,Bangalore,Chennai,133,182,1986,65,2025-02-09,2025-02-12
1406,FedEx,Delhi,Bangalore,69,140,3675,223,2025-02-10,2025-02-14
1407,Delhivery,Delhi,Hyderabad,128,13,4816,335,2025-02-11,2025-02-13
1408,Ekart,Bangalore,Hyderabad,184,20,3596,376,2025-02-12,2025-02-16
1409,Delhivery,Hyderabad,Mumbai,72,41,4194,448,2025-02-13,2025-02-16
1410,Ekart,Chennai,Hyderabad,199,118,3618,284,2025-02-14,2025-02-20
1411,DHL Logistics,Delhi,Chennai,49,101,1312,447,2025-02-15,2025-02-16
1412,DHL Logistics,Hyderabad,Hyderabad,81,112,2311,131,2025-02-16,2025-02-18
1413,Ekart,Chennai,Hyderabad,140,124,1095,412,2025-02-17,2025-02-18
1414,Delhivery,Hyderabad,Mumbai,197,39,1312,353,2025-02-18,2025-02-21
1415,Delhivery,Hyderabad,Mumbai,35,65,1238,154,2025-02-19,2025-02-23
1416,Ekart,Mumbai,Mumbai,195,39,2279,477,2025-02-20,2025-02-26
1417,Delhivery,Delhi,Hyderabad,42,43,1664,125,2025-02-21,2025-02-25
1418,FedEx,Chennai,Chennai,135,51,3310,112,2025-02-22,2025-02-25
1419,DHL Logistics,Chennai,Delhi,168,117,3521,75,2025-02-23,2025-02-26
1420,DHL Logistics,Bangalore,Mumbai,190,75,549,459,2025-02-24,2025-02-27
1421,Ekart,Chennai,Bangalore,126,115,915,156,2025-02-25,2025-03-01
1422,FedEx,Delhi,Hyderabad,101,187,1739,220,2025-02-26,2025-02-28
1423,Ekart,Mumbai,Chennai,179,35,1104,367,2025-02-27,2025-03-04
1424,FedEx,Hyderabad,Hyderabad,195,95,4674,350,2025-02-28,2025-03-04
1425,FedEx,Hyderabad,Mumbai,126,186,2143,350,2025-03-01,2025-03-04
1426,Ekart,Delhi,Mumbai,183,191,1500,487,2025-03-02,2025-03-04
1427,DHL Logistics,Chennai,Hyderabad,95,186,2260,210,2025-03-03,2025-03-04
1428,FedEx,Mumbai,Bangalore,35,10,1930,462,2025-03-04,2025-03-08
1429,BlueDart,Hyderabad,Delhi,83,48,3190,439,2025-03-05,2025-03-09
1430,Ekart,Hyderabad,Hyderabad,144,17,3848,326,2025-03-06,2025-03-08
1431,Ekart,Mumbai,Delhi,12,31,556,367,2025-03-07,2025-03-10
1432,FedEx,Mumbai,Hyderabad,40,15,3995,57,2025-03-08,2025-03-14
1433,Delhivery,Chennai,Mumbai,87,25,3953,305,2025-03-09,2025-03-13
1434,Delhivery,Hyderabad,Mumbai,101,129,1424,150,2025-03-10,2025-03-16
1435,Delhivery,Chennai,Delhi,106,90,3370,485,2025-03-11,2025-03-15
1436,Delhivery,Chennai,Hyderabad,52,107,3957,275,2025-03-12,2025-03-16
1437,Delhivery,Hyderabad,Mumbai,28,168,4976,228,2025-03-13,2025-03-17
1438,DHL Logistics,Hyderabad,Mumbai,194,110,3322,418,2025-03-14,2025-03-15
1439,Delhivery,Delhi,Delhi,180,170,624,71,2025-03-15,2025-03-21
1440,BlueDart,Bangalore,Chennai,142,82,672,315,2025-03-16,2025-03-22
1441,Delhivery,Chennai,Hyderabad,149,182,1763,127,2025-03-17,2025-03-18
1442,FedEx,Hyderabad,Chennai,34,178,4791,189,2025-03-18,2025-03-24
1443,DHL Logistics,Chennai,Chennai,160,77,1081,279,2025-03-19,2025-03-20
1444,DHL Logistics,Hyderabad,Bangalore,126,162,1408,85,2025-03-20,2025-03-22
1445,BlueDart,Hyderabad,Bangalore,144,88,3150,292,2025-03-21,2025-03-24
1446,BlueDart,Hyderabad,Mumbai,142,60,2051,427,2025-03-22,2025-03-28
1447,FedEx,Bangalore,Bangalore,166,186,1035,471,2025-03-23,2025-03-28
1448,FedEx,Chennai,Bangalore,63,173,1115,91,2025-03-24,2025-03-28
1449,FedEx,Delhi,Mumbai,168,125,3715,187,2025-03-25,2025-03-30
1450,BlueDart,Hyderabad,Chennai,113,190,4064,193,2025-03-26,2025-03-28
1451,FedEx,Bangalore,Chennai,122,41,827,271,2025-03-27,2025-03-29
1452,FedEx,Bangalore,Bangalore,31,11,4036,425,2025-03-28,2025-04-02
1453,FedEx,Hyderabad,Chennai,165,169,560,391,2025-03-29,2025-04-03
1454,BlueDart,Mumbai,Chennai,143,28,2815,126,2025-03-30,2025-04-01
1455,FedEx,Chennai,Chennai,173,25,1955,335,2025-03-31,2025-04-02
1456,DHL Logistics,Delhi,Chennai,92,112,1547,486,2025-04-01,2025-04-07
1457,Ekart,Bangalore,Chennai,58,181,4430,75,2025-04-02,2025-04-08
1458,DHL Logistics,Mumbai,Delhi,189,177,2732,136,2025-04-03,2025-04-04
1459,Delhivery,Bangalore,Chennai,104,30,965,215,2025-04-04,2025-04-06
1460,Ekart,Mumbai,Chennai,34,139,1040,413,2025-04-05,2025-04-07
1461,Ekart,Delhi,Mumbai,116,138,3431,449,2025-04-06,2025-04-09
1462,Delhivery,Bangalore,Delhi,178,183,4887,456,2025-04-07,2025-04-08
1463,DHL Logistics,Mumbai,Hyderabad,166,167,1220,141,2025-04-08,2025-04-10
1464,FedEx,Bangalore,Chennai,178,118,4476,214,2025-04-09,2025-04-12
1465,Delhivery,Hyderabad,Mumbai,185,130,3081,223,2025-04-10,2025-04-15
1466,Ekart,Delhi,Bangalore,161,164,2977,244,2025-04-11,2025-04-13
1467,DHL Logistics,Hyderabad,Chennai,166,132,1047,53,2025-04-12,2025-04-16
1468,Ekart,Delhi,Mumbai,99,145,3806,236,2025-04-13,2025-04-14
1469,Delhivery,Chennai,Bangalore,175,190,4878,401,2025-04-14,2025-04-18
1470,FedEx,Delhi,Delhi,15,134,2280,122,2025-04-15,2025-04-21
1471,Ekart,Bangalore,Bangalore,33,141,809,149,2025-04-16,2025-04-19
1472,Delhivery,Bangalore,Bangalore,123,31,1355,295,2025-04-17,2025-04-19
1473,Ekart,Hyderabad,Delhi,158,93,4670,139,2025-04-18,2025-04-23
1474,BlueDart,Bangalore,Bangalore,151,89,4278,450,2025-04-19,2025-04-20
1475,FedEx,Bangalore,Delhi,194,79,1729,391,2025-04-20,2025-04-25
1476,Ekart,Mumbai,Delhi,39,18,3376,210,2025-04-21,2025-04-22
1477,FedEx,Delhi,Hyderabad,124,53,1064,496,2025-04-22,2025-04-28
1478,DHL Logistics,Bangalore,Delhi,166,133,1968,440,2025-04-23,2025-04-29
1479,FedEx,Hyderabad,Bangalore,192,105,723,123,2025-04-24,2025-04-27
1480,DHL Logistics,Bangalore,Bangalore,166,127,4630,343,2025-04-25,2025-04-28
1481,Ekart,Chennai,Bangalore,70,86,1969,180,2025-04-26,2025-04-30
1482,FedEx,Mumbai,Delhi,89,82,4387,351,2025-04-27,2025-05-01
1483,DHL Logistics,Bangalore,Mumbai,110,196,4943,319,2025-04-28,2025-04-29
1484,FedEx,Hyderabad,Hyderabad,186,78,1103,219,2025-04-29,2025-05-03
1485,BlueDart,Bangalore,Mumbai,62,68,2237,339,2025-04-30,2025-05-01
1486,Ekart,Chennai,Bangalore,102,62,2652,309,2025-05-01,2025-05-04
1487,Ekart,Hyderabad,Mumbai,102,47,4421,438,2025-05-02,2025-05-07
1488,Delhivery,Mumbai,Delhi,106,57,3584,208,2025-05-03,2025-05-05
1489,Delhivery,Bangalore,Mumbai,116,189,1949,499,2025-05-04,2025-05-10
1490,Ekart,Delhi,Delhi,67,33,1850,247,2025-05-05,2025-05-10
1491,Delhivery,Chennai,Mumbai,49,10,4458,394,2025-05-06,2025-05-07
1492,BlueDart,Bangalore,Chennai,100,161,2550,161,2025-05-07,2025-05-11
1493,Delhivery,Mumbai,Bangalore,88,160,2282,124,2025-05-08,2025-05-09
1494,FedEx,Delhi,Hyderabad,71,97,2614,214,2025-05-09,2025-05-13
1495,BlueDart,Delhi,Chennai,116,69,2786,371,2025-05-10,2025-05-11
1496,FedEx,Delhi,Hyderabad,67,18,4833,490,2025-05-11,2025-05-15
1497,FedEx,Hyderabad,Bangalore,143,12,1934,248,2025-05-12,2025-05-15
1498,DHL Logistics,Hyderabad,Mumbai,163,156,923,322,2025-05-13,2025-05-14
1499,Ekart,Bangalore,Chennai,132,141,1486,476,2025-05-14,2025-05-15
